{"v1": [0.24451699445900862, 0.3143697105778755, 0.12914201760825503, 0.22677288734358228, 0.39640801910797363, 0.3978934764202594, 0.055751379079845065, 0.0920018130942736, 0.022847955312658062, 0.19568973954617677, 0.01326301580979901, 0.20280303624229667, 0.2881760274536013, 0.12362950735622966, 0.3002114121122035, 0.2623031053257628, 0.010646332843542345, 0.2480933955955998, 0.11509054197128903, 0.1842768402254337], "v2": [0.10823939580406972, 0.26461443558493253, 0.1681489481723866, 0.05988630398271332, 0.20792686230347593, 0.2978953329985401, 0.11695827202880206, 0.08473531548135317, 0.14811308489821448, 0.3574766643871415, 0.3725989749337751, 0.2566912330106401, 0.34466868965872083, 0.32287641974255754, 0.14430415254752374, 0.035205045214252696, 0.24944812945326494, 0.21296298267011235, 0.1380320614085932, 0.08591749087826807], "v3": [0.18306055575943542, 0.2111691434704165, 0.1212398522173165, 0.13139761488796772, 0.20610140671694388, 0.38750823762372943, 0.26399637061849224, 0.12765781836839604, 0.12517644228786354, 0.2047215067527698, 0.09249862141397197, 0.09068313082979267, 0.23147585134038814, 0.03928037983944595, 0.21776408176658787, 0.16309207999836575, 0.31867935880708853, 0.3362683428424988, 0.3112070264209075, 0.31034580220597374]}